{
    "loss": 7.053526878356934,
    "accuracy": 0.5035971403121948
}